ortho,attestedness,likert_rating,score,phono_cmu,SON,onset
BLEEGIFF,attested,3.8,0.642105263,B L IY1 G IH0 FCoda,,B L
BLEZZIG,attested,3.35,0.757894737,B L EH1 Z IH0 GCoda,,B L
BREEGIFF,attested,3.6,0.652631579,B R IY1 G IH0 FCoda,,B R
BREPPID,attested,3.9,0.736842105,B R EH1 P IH0 DCoda,,B R
BWEEGIFF,marginal,2.25,0.473684211,B W IY1 G IH0 FCoda,,B W
BWOSSIP,marginal,2.7,0.431578947,B W AA1 S IH0 PCoda,,B W
DGEPPID,unattested,1.421052632,0.147368421,D G EH1 P IH0 DCoda,0,D G
DGOTTIFF,unattested,1.45,0.191489362,D G AA1 T IH0 FCoda,0,D G
DNEEGIFF,unattested,1.631578947,0.242105263,D N IY1 G IH0 FCoda,1,D N
DNOTTIFF,unattested,1.6,0.263157895,D N AA1 T IH0 FCoda,1,D N
DREEGIFF,attested,3.15,0.568421053,D R IY1 G IH0 FCoda,,D R
DREPPID,attested,4.35,0.894736842,D R EH1 P IH0 DCoda,,D R
DWEZZIG,marginal,2.8,0.6,D W EH1 Z IH0 GCoda,,D W
DWOTTIFF,marginal,2.3,0.425531915,D W AA1 T IH0 FCoda,,D W
FLEZZIG,attested,3.95,0.684210526,F L EH1 Z IH0 GCoda,,F L
FLOTTIFF,attested,4.25,0.789473684,F L AA1 T IH0 FCoda,,F L
FNEEBID,unattested,1.7,0.378947368,F N IY1 B IH0 DCoda,1,F N
FNEZZIG,unattested,1.7,0.368421053,F N EH1 Z IH0 GCoda,1,F N
FREPPID,attested,4.35,0.873684211,F R EH1 P IH0 DCoda,,F R
FROSSIP,attested,4.7,0.831578947,F R AA1 S IH0 PCoda,,F R
FWEEBID,marginal,2.55,0.510638298,F W IY1 B IH0 DCoda,,F W
FWEZZIG,marginal,2.25,0.431578947,F W EH1 Z IH0 GCoda,,F W
GLEPPID,attested,3.9,0.79787234,G L EH1 P IH0 DCoda,,G L
GLOTTIFF,attested,3.55,0.684210526,G L AA1 T IH0 FCoda,,G L
GREEBID,attested,4.85,0.831578947,G R IY1 B IH0 DCoda,,G R
GROTTIFF,attested,4.15,0.712765957,G R AA1 T IH0 FCoda,,G R
GWEEBID,marginal,2.85,0.526315789,G W IY1 B IH0 DCoda,,G W
GWOTTIFF,marginal,2.5,0.484210526,G W AA1 T IH0 FCoda,,G W
KLEEBID,attested,3.95,0.736842105,K L IY1 B IH0 DCoda,,K L
KLOSSIP,attested,4.05,0.768421053,K L AA1 S IH0 PCoda,,K L
KMEPPID,unattested,1.3,0.279569892,K M EH1 P IH0 DCoda,1,K M
KMOSSIP,unattested,1.85,0.368421053,K M AA1 S IH0 PCoda,1,K M
KREEBID,attested,4.25,0.747368421,K R IY1 B IH0 DCoda,,K R
KREZZIG,attested,3.3,0.705263158,K R EH1 Z IH0 GCoda,,K R
KWEEBID,attested,3.5,0.557894737,K W IY1 B IH0 DCoda,,K W
KWOTTIFF,attested,2.5,0.389473684,K W AA1 T IH0 FCoda,,K W
LMEEBID,unattested,1.5,0.210526316,L M IY1 B IH0 DCoda,-1,L M
LMOTTIFF,unattested,1.3,0.242105263,L M AA1 T IH0 FCoda,-1,L M
LNEEGIFF,unattested,1.45,0.2,L N IY1 G IH0 FCoda,-1,L N
LNEZZIG,unattested,1.45,0.189473684,L N EH1 Z IH0 GCoda,-1,L N
LTEZZIG,unattested,1.55,0.136842105,L T EH1 Z IH0 GCoda,-2,L T
LTOTTIFF,unattested,1.4,0.094736842,L T AA1 T IH0 FCoda,-2,L T
MLEPPID,unattested,1.5,0.305263158,M L EH1 P IH0 DCoda,1,M L
MLOSSIP,unattested,1.8,0.431578947,M L AA1 S IH0 PCoda,1,M L
MREEGIFF,unattested,2,0.315789474,M R IY1 G IH0 FCoda,2,M R
MROTTIFF,unattested,1.7,0.389473684,M R AA1 T IH0 FCoda,2,M R
NLEEBID,unattested,1.85,0.263157895,N L IY1 B IH0 DCoda,1,N L
NLEZZIG,unattested,1.35,0.231578947,N L EH1 Z IH0 GCoda,1,N L
PKEEBID,unattested,1.65,0.231578947,P K IY1 B IH0 DCoda,0,P K
PKOSSIP,unattested,1.55,0.231578947,P K AA1 S IH0 PCoda,0,P K
PLEPPID,attested,3.85,0.744680851,P L EH1 P IH0 DCoda,,P L
PLOSSIP,attested,4.35,0.894736842,P L AA1 S IH0 PCoda,,P L
PREZZIG,attested,3.65,0.757894737,P R EH1 Z IH0 GCoda,,P R
PROTTIFF,attested,4.25,0.768421053,P R AA1 T IH0 FCoda,,P R
PWEEGIFF,unattested,2.3,0.378947368,P W IY1 G IH0 FCoda,3,P W
PWEZZIG,unattested,2.15,0.410526316,P W EH1 Z IH0 GCoda,3,P W
RDEEGIFF,unattested,1.15,0.126315789,R D IY1 G IH0 FCoda,-3,R D
RDOSSIP,unattested,1.5,0.231578947,R D AA1 S IH0 PCoda,-3,R D
RGEEBID,unattested,1.6,0.115789474,R G IY1 B IH0 DCoda,-3,R G
RGEPPID,unattested,1.45,0.094736842,R G EH1 P IH0 DCoda,-3,R G
RLEEGIFF,unattested,1.8,0.284210526,R L IY1 G IH0 FCoda,-1,R L
RLEZZIG,unattested,1.45,0.305263158,R L EH1 Z IH0 GCoda,-1,R L
RNEPPID,unattested,1.65,0.210526316,R N EH1 P IH0 DCoda,-2,R N
RNOSSIP,unattested,1.5,0.336842105,R N AA1 S IH0 PCoda,-2,R N
SHLEEBID,marginal,3.1,0.638297872,SH L IY1 B IH0 DCoda,,SH L
SHLEZZIG,marginal,3.15,0.568421053,SH L EH1 Z IH0 GCoda,,SH L
SHMEEGIFF,marginal,2.7,0.410526316,SH M IY1 G IH0 FCoda,,SH M
SHMOTTIFF,marginal,2.65,0.617021277,SH M AA1 T IH0 FCoda,,SH M
SHNEEGIFF,marginal,2.4,0.489361702,SH N IY1 G IH0 FCoda,,SH N
SHNEPPID,marginal,2.789473684,0.568421053,SH N EH1 P IH0 DCoda,,SH N
SHREEBID,attested,4.05,0.726315789,SH R IY1 B IH0 DCoda,,SH R
SHREPPID,attested,4,0.789473684,SH R EH1 P IH0 DCoda,,SH R
SHWEPPID,marginal,2.9,0.663157895,SH W EH1 P IH0 DCoda,,SH W
SHWOSSIP,marginal,3,0.494736842,SH W AA1 S IH0 PCoda,,SH W
SMEEBID,attested,4.05,0.673684211,S M IY1 B IH0 DCoda,,S M
SMOTTIFF,attested,3.8,0.673684211,S M AA1 T IH0 FCoda,,S M
SNEEGIFF,attested,3.5,0.642105263,S N IY1 G IH0 FCoda,,S N
SNOSSIP,attested,4.45,0.757894737,S N AA1 S IH0 PCoda,,S N
SWEEGIFF,attested,3,0.684210526,S W IY1 G IH0 FCoda,,S W
SWEZZIG,attested,3.4,0.627659574,S W EH1 Z IH0 GCoda,,S W
THWEPPID,attested,2.2,0.505263158,TH W EH1 P IH0 DCoda,,TH W
THWOSSIP,attested,2.65,0.578947368,TH W AA1 S IH0 PCoda,,TH W
TLEEBID,unattested,1.75,0.452631579,T L IY1 B IH0 DCoda,2,T L
TLOTTIFF,unattested,1.842105263,0.357894737,T L AA1 T IH0 FCoda,2,T L
TREZZIG,attested,4.05,0.715789474,T R EH1 Z IH0 GCoda,,T R
TROSSIP,attested,5,0.810526316,T R AA1 S IH0 PCoda,,T R
TWEEGIFF,marginal,3.4,0.610526316,T W IY1 G IH0 FCoda,,T W
TWOSSIP,marginal,3.5,0.747368421,T W AA1 S IH0 PCoda,,T W
VLEPPID,marginal,2.3,0.547368421,V L EH1 P IH0 DCoda,,V L
VLOSSIP,marginal,3.7,0.578947368,V L AA1 S IH0 PCoda,,V L
VREEBID,marginal,2.7,0.631578947,V R IY1 B IH0 DCoda,,V R
VREZZIG,marginal,2.3,0.473684211,V R EH1 Z IH0 GCoda,,V R
VWEEGIFF,unattested,1.7,0.242105263,V W IY1 G IH0 FCoda,3,V W
VWOTTIFF,unattested,1.55,0.189473684,V W AA1 T IH0 FCoda,3,V W
ZREPPID,unattested,2.05,0.526315789,Z R EH1 P IH0 DCoda,3,Z R
ZROSSIP,unattested,2.1,0.389473684,Z R AA1 S IH0 PCoda,3,Z R
